class,lpi,cpu_set_id,core_index,apic_id,pin_verified,freq_ghz,freq_ghz_load,tsc_ghz,kernel_id,kind,ops_per_iter,ns_per_iter,cyc_per_iter
P,0,256,0,0,true,4.5952,4.7216,1.8048,int_add_lat,延迟,4,0.8740,4.0868
P,0,256,0,0,true,4.5952,4.7216,1.8048,int_add_tp,吞吐,8,0.4093,1.9560
P,0,256,0,0,true,4.5952,4.7216,1.8048,int_imul_lat,延迟,4,2.5801,12.3383
P,0,256,0,0,true,4.5952,4.7216,1.8048,int_imul_tp,吞吐,8,1.7328,7.9050
P,0,256,0,0,true,4.5952,4.7216,1.8048,fp_addsd_lat,延迟,4,1.6828,7.9673
P,0,256,0,0,true,4.5952,4.7216,1.8048,fp_mulsd_lat,延迟,4,3.4966,16.4379
P,0,256,0,0,true,4.5952,4.7216,1.8048,fp_mulsd_tp,吞吐,8,0.8501,4.0700
P,0,256,0,0,true,4.5952,4.7216,1.8048,fp_addsd_tp,吞吐,8,0.8561,4.0954
P,0,256,0,0,true,4.5952,4.7216,1.8048,fp_fma_lat,延迟,4,3.4528,16.1440
P,0,256,0,0,true,4.5952,4.7216,1.8048,fp_fma_tp,吞吐,8,0.8646,4.0455
P,0,256,0,0,true,4.5952,4.7216,1.8048,avx2_paddd_lat,延迟,4,0.8588,4.1106
P,0,256,0,0,true,4.5952,4.7216,1.8048,avx2_paddd_tp,吞吐,8,0.5572,2.6077
P,0,256,0,0,true,4.5952,4.7216,1.8048,avx2_pmulld_lat,延迟,4,8.6813,41.0706
P,0,256,0,0,true,4.5952,4.7216,1.8048,avx2_pmulld_tp,吞吐,8,2.5322,11.8459
P,0,256,0,0,true,4.5952,4.7216,1.8048,avx2_fma_lat,延迟,4,4.1249,19.3985
P,0,256,0,0,true,4.5952,4.7216,1.8048,avx2_fma_tp,吞吐,8,0.9954,4.7660
P,0,256,0,0,true,4.5952,4.7216,1.8048,avx2_int8_recipe_tp,吞吐,24,1.8780,8.7848
P,0,256,0,0,true,4.5952,4.7216,1.8048,vnni_dpbusd_lat,延迟,4,4.2712,20.1543
P,0,256,0,0,true,4.5952,4.7216,1.8048,vnni_dpbusd_tp,吞吐,8,1.0804,5.1729
P,1,257,0,1,true,4.6197,4.7100,1.8048,int_add_lat,延迟,4,0.8653,4.0137
P,1,257,0,1,true,4.6197,4.7100,1.8048,int_add_tp,吞吐,8,0.4181,1.9968
P,1,257,0,1,true,4.6197,4.7100,1.8048,int_imul_lat,延迟,4,2.6330,12.5508
P,1,257,0,1,true,4.6197,4.7100,1.8048,int_imul_tp,吞吐,8,1.7319,8.2706
P,1,257,0,1,true,4.6197,4.7100,1.8048,fp_addsd_lat,延迟,4,1.6889,7.8478
P,1,257,0,1,true,4.6197,4.7100,1.8048,fp_mulsd_lat,延迟,4,3.4862,16.6485
P,1,257,0,1,true,4.6197,4.7100,1.8048,fp_mulsd_tp,吞吐,8,0.8669,4.0908
P,1,257,0,1,true,4.6197,4.7100,1.8048,fp_addsd_tp,吞吐,8,0.8513,4.0628
P,1,257,0,1,true,4.6197,4.7100,1.8048,fp_fma_lat,延迟,4,3.4779,16.1500
P,1,257,0,1,true,4.6197,4.7100,1.8048,fp_fma_tp,吞吐,8,0.8683,4.0358
P,1,257,0,1,true,4.6197,4.7100,1.8048,avx2_paddd_lat,延迟,4,0.8675,4.1420
P,1,257,0,1,true,4.6197,4.7100,1.8048,avx2_paddd_tp,吞吐,8,0.6072,2.7529
P,1,257,0,1,true,4.6197,4.7100,1.8048,avx2_pmulld_lat,延迟,4,8.6876,41.3277
P,1,257,0,1,true,4.6197,4.7100,1.8048,avx2_pmulld_tp,吞吐,8,2.5197,11.4733
P,1,257,0,1,true,4.6197,4.7100,1.8048,avx2_fma_lat,延迟,4,4.1156,19.6625
P,1,257,0,1,true,4.6197,4.7100,1.8048,avx2_fma_tp,吞吐,8,1.0506,5.0177
P,1,257,0,1,true,4.6197,4.7100,1.8048,avx2_int8_recipe_tp,吞吐,24,1.9156,9.1747
P,1,257,0,1,true,4.6197,4.7100,1.8048,vnni_dpbusd_lat,延迟,4,4.3628,20.1074
P,1,257,0,1,true,4.6197,4.7100,1.8048,vnni_dpbusd_tp,吞吐,8,1.0983,5.2246
P,2,258,2,8,true,4.6605,4.7063,1.8048,int_add_lat,延迟,4,0.8627,4.1039
P,2,258,2,8,true,4.6605,4.7063,1.8048,int_add_tp,吞吐,8,0.4123,1.8929
P,2,258,2,8,true,4.6605,4.7063,1.8048,int_imul_lat,延迟,4,2.6410,12.1135
P,2,258,2,8,true,4.6605,4.7063,1.8048,int_imul_tp,吞吐,8,1.7167,8.1989
P,2,258,2,8,true,4.6605,4.7063,1.8048,fp_addsd_lat,延迟,4,1.7422,8.3227
P,2,258,2,8,true,4.6605,4.7063,1.8048,fp_mulsd_lat,延迟,4,3.5173,16.3760
P,2,258,2,8,true,4.6605,4.7063,1.8048,fp_mulsd_tp,吞吐,8,0.8758,4.1934
P,2,258,2,8,true,4.6605,4.7063,1.8048,fp_addsd_tp,吞吐,8,0.8664,4.1266
P,2,258,2,8,true,4.6605,4.7063,1.8048,fp_fma_lat,延迟,4,3.5323,15.8532
P,2,258,2,8,true,4.6605,4.7063,1.8048,fp_fma_tp,吞吐,8,0.8470,3.9316
P,2,258,2,8,true,4.6605,4.7063,1.8048,avx2_paddd_lat,延迟,4,0.8544,4.0066
P,2,258,2,8,true,4.6605,4.7063,1.8048,avx2_paddd_tp,吞吐,8,0.5918,2.8329
P,2,258,2,8,true,4.6605,4.7063,1.8048,avx2_pmulld_lat,延迟,4,8.7916,42.0877
P,2,258,2,8,true,4.6605,4.7063,1.8048,avx2_pmulld_tp,吞吐,8,2.5477,12.0458
P,2,258,2,8,true,4.6605,4.7063,1.8048,avx2_fma_lat,延迟,4,4.1765,19.9668
P,2,258,2,8,true,4.6605,4.7063,1.8048,avx2_fma_tp,吞吐,8,1.0716,4.9878
P,2,258,2,8,true,4.6605,4.7063,1.8048,avx2_int8_recipe_tp,吞吐,24,1.9542,9.3518
P,2,258,2,8,true,4.6605,4.7063,1.8048,vnni_dpbusd_lat,延迟,4,4.4327,20.3720
P,2,258,2,8,true,4.6605,4.7063,1.8048,vnni_dpbusd_tp,吞吐,8,1.1060,5.2950
P,3,259,2,9,true,4.6764,4.6496,1.8048,int_add_lat,延迟,4,0.8516,4.0769
P,3,259,2,9,true,4.6764,4.6496,1.8048,int_add_tp,吞吐,8,0.4064,1.9224
P,3,259,2,9,true,4.6764,4.6496,1.8048,int_imul_lat,延迟,4,2.6375,12.3478
P,3,259,2,9,true,4.6764,4.6496,1.8048,int_imul_tp,吞吐,8,1.7384,7.8023
P,3,259,2,9,true,4.6764,4.6496,1.8048,fp_addsd_lat,延迟,4,1.6860,7.9339
P,3,259,2,9,true,4.6764,4.6496,1.8048,fp_mulsd_lat,延迟,4,3.5050,16.3936
P,3,259,2,9,true,4.6764,4.6496,1.8048,fp_mulsd_tp,吞吐,8,0.8471,3.9237
P,3,259,2,9,true,4.6764,4.6496,1.8048,fp_addsd_tp,吞吐,8,0.8591,4.0176
P,3,259,2,9,true,4.6764,4.6496,1.8048,fp_fma_lat,延迟,4,3.5265,16.8904
P,3,259,2,9,true,4.6764,4.6496,1.8048,fp_fma_tp,吞吐,8,0.8643,4.1372
P,3,259,2,9,true,4.6764,4.6496,1.8048,avx2_paddd_lat,延迟,4,0.8479,3.9997
P,3,259,2,9,true,4.6764,4.6496,1.8048,avx2_paddd_tp,吞吐,8,0.5605,2.1239
P,3,259,2,9,true,4.6764,4.6496,1.8048,avx2_pmulld_lat,延迟,4,8.7490,40.2693
P,3,259,2,9,true,4.6764,4.6496,1.8048,avx2_pmulld_tp,吞吐,8,2.5283,11.9105
P,3,259,2,9,true,4.6764,4.6496,1.8048,avx2_fma_lat,延迟,4,4.1809,19.9447
P,3,259,2,9,true,4.6764,4.6496,1.8048,avx2_fma_tp,吞吐,8,1.0079,4.8250
P,3,259,2,9,true,4.6764,4.6496,1.8048,avx2_int8_recipe_tp,吞吐,24,1.9203,9.0475
P,3,259,2,9,true,4.6764,4.6496,1.8048,vnni_dpbusd_lat,延迟,4,4.3601,20.3876
P,3,259,2,9,true,4.6764,4.6496,1.8048,vnni_dpbusd_tp,吞吐,8,1.0980,5.0738
P,4,260,4,16,true,4.8314,4.9499,1.8048,int_add_lat,延迟,4,0.8515,4.1957
P,4,260,4,16,true,4.8314,4.9499,1.8048,int_add_tp,吞吐,8,0.4003,1.9282
P,4,260,4,16,true,4.8314,4.9499,1.8048,int_imul_lat,延迟,4,2.5213,12.5662
P,4,260,4,16,true,4.8314,4.9499,1.8048,int_imul_tp,吞吐,8,1.6897,8.4269
P,4,260,4,16,true,4.8314,4.9499,1.8048,fp_addsd_lat,延迟,4,1.6282,8.1207
P,4,260,4,16,true,4.8314,4.9499,1.8048,fp_mulsd_lat,延迟,4,3.2536,16.2343
P,4,260,4,16,true,4.8314,4.9499,1.8048,fp_mulsd_tp,吞吐,8,0.8203,4.0242
P,4,260,4,16,true,4.8314,4.9499,1.8048,fp_addsd_tp,吞吐,8,0.8254,4.0205
P,4,260,4,16,true,4.8314,4.9499,1.8048,fp_fma_lat,延迟,4,3.4372,17.1357
P,4,260,4,16,true,4.8314,4.9499,1.8048,fp_fma_tp,吞吐,8,0.8243,4.0479
P,4,260,4,16,true,4.8314,4.9499,1.8048,avx2_paddd_lat,延迟,4,0.8213,4.0954
P,4,260,4,16,true,4.8314,4.9499,1.8048,avx2_paddd_tp,吞吐,8,0.5350,2.6673
P,4,260,4,16,true,4.8314,4.9499,1.8048,avx2_pmulld_lat,延迟,4,8.4165,41.9566
P,4,260,4,16,true,4.8314,4.9499,1.8048,avx2_pmulld_tp,吞吐,8,2.4539,11.9353
P,4,260,4,16,true,4.8314,4.9499,1.8048,avx2_fma_lat,延迟,4,3.9343,19.6151
P,4,260,4,16,true,4.8314,4.9499,1.8048,avx2_fma_tp,吞吐,8,1.0411,5.1934
P,4,260,4,16,true,4.8314,4.9499,1.8048,avx2_int8_recipe_tp,吞吐,24,1.8553,9.2225
P,4,260,4,16,true,4.8314,4.9499,1.8048,vnni_dpbusd_lat,延迟,4,4.2448,21.1700
P,4,260,4,16,true,4.8314,4.9499,1.8048,vnni_dpbusd_tp,吞吐,8,1.0521,5.1852
P,5,261,4,17,true,4.8583,4.9504,1.8048,int_add_lat,延迟,4,0.8356,4.1399
P,5,261,4,17,true,4.8583,4.9504,1.8048,int_add_tp,吞吐,8,0.3963,1.9672
P,5,261,4,17,true,4.8583,4.9504,1.8048,int_imul_lat,延迟,4,2.5854,12.8907
P,5,261,4,17,true,4.8583,4.9504,1.8048,int_imul_tp,吞吐,8,1.7127,8.5415
P,5,261,4,17,true,4.8583,4.9504,1.8048,fp_addsd_lat,延迟,4,1.6482,8.2181
P,5,261,4,17,true,4.8583,4.9504,1.8048,fp_mulsd_lat,延迟,4,3.2366,16.1386
P,5,261,4,17,true,4.8583,4.9504,1.8048,fp_mulsd_tp,吞吐,8,0.8440,4.1027
P,5,261,4,17,true,4.8583,4.9504,1.8048,fp_addsd_tp,吞吐,8,0.8563,4.0620
P,5,261,4,17,true,4.8583,4.9504,1.8048,fp_fma_lat,延迟,4,3.4728,17.3183
P,5,261,4,17,true,4.8583,4.9504,1.8048,fp_fma_tp,吞吐,8,0.8272,4.1251
P,5,261,4,17,true,4.8583,4.9504,1.8048,avx2_paddd_lat,延迟,4,0.8249,4.1155
P,5,261,4,17,true,4.8583,4.9504,1.8048,avx2_paddd_tp,吞吐,8,0.5354,2.6704
P,5,261,4,17,true,4.8583,4.9504,1.8048,avx2_pmulld_lat,延迟,4,8.4885,40.7831
P,5,261,4,17,true,4.8583,4.9504,1.8048,avx2_pmulld_tp,吞吐,8,2.4629,12.2809
P,5,261,4,17,true,4.8583,4.9504,1.8048,avx2_fma_lat,延迟,4,4.0762,20.2381
P,5,261,4,17,true,4.8583,4.9504,1.8048,avx2_fma_tp,吞吐,8,0.9984,4.9781
P,5,261,4,17,true,4.8583,4.9504,1.8048,avx2_int8_recipe_tp,吞吐,24,1.8753,9.3506
P,5,261,4,17,true,4.8583,4.9504,1.8048,vnni_dpbusd_lat,延迟,4,4.1674,20.7827
P,5,261,4,17,true,4.8583,4.9504,1.8048,vnni_dpbusd_tp,吞吐,8,1.0724,5.2808
P,6,262,6,24,true,4.9295,4.9633,1.8048,int_add_lat,延迟,4,0.8136,4.0596
P,6,262,6,24,true,4.9295,4.9633,1.8048,int_add_tp,吞吐,8,0.3898,1.9441
P,6,262,6,24,true,4.9295,4.9633,1.8048,int_imul_lat,延迟,4,2.4817,12.3693
P,6,262,6,24,true,4.9295,4.9633,1.8048,int_imul_tp,吞吐,8,1.6773,8.3656
P,6,262,6,24,true,4.9295,4.9633,1.8048,fp_addsd_lat,延迟,4,1.6158,8.0298
P,6,262,6,24,true,4.9295,4.9633,1.8048,fp_mulsd_lat,延迟,4,3.2732,16.2311
P,6,262,6,24,true,4.9295,4.9633,1.8048,fp_mulsd_tp,吞吐,8,0.8229,4.1040
P,6,262,6,24,true,4.9295,4.9633,1.8048,fp_addsd_tp,吞吐,8,0.8253,4.0927
P,6,262,6,24,true,4.9295,4.9633,1.8048,fp_fma_lat,延迟,4,3.4358,17.1434
P,6,262,6,24,true,4.9295,4.9633,1.8048,fp_fma_tp,吞吐,8,0.8225,4.1023
P,6,262,6,24,true,4.9295,4.9633,1.8048,avx2_paddd_lat,延迟,4,0.8251,4.1169
P,6,262,6,24,true,4.9295,4.9633,1.8048,avx2_paddd_tp,吞吐,8,0.5464,2.6960
P,6,262,6,24,true,4.9295,4.9633,1.8048,avx2_pmulld_lat,延迟,4,8.4543,41.2959
P,6,262,6,24,true,4.9295,4.9633,1.8048,avx2_pmulld_tp,吞吐,8,2.4720,11.7955
P,6,262,6,24,true,4.9295,4.9633,1.8048,avx2_fma_lat,延迟,4,4.0399,20.1481
P,6,262,6,24,true,4.9295,4.9633,1.8048,avx2_fma_tp,吞吐,8,0.9415,4.6957
P,6,262,6,24,true,4.9295,4.9633,1.8048,avx2_int8_recipe_tp,吞吐,24,1.8801,9.3730
P,6,262,6,24,true,4.9295,4.9633,1.8048,vnni_dpbusd_lat,延迟,4,4.2488,21.1354
P,6,262,6,24,true,4.9295,4.9633,1.8048,vnni_dpbusd_tp,吞吐,8,1.0702,5.3374
P,7,263,6,25,true,4.9879,4.9160,1.8048,int_add_lat,延迟,4,0.8280,4.1179
P,7,263,6,25,true,4.9879,4.9160,1.8048,int_add_tp,吞吐,8,0.3869,1.9154
P,7,263,6,25,true,4.9879,4.9160,1.8048,int_imul_lat,延迟,4,2.5528,12.7303
P,7,263,6,25,true,4.9879,4.9160,1.8048,int_imul_tp,吞吐,8,1.6719,8.1847
P,7,263,6,25,true,4.9879,4.9160,1.8048,fp_addsd_lat,延迟,4,1.6602,8.2785
P,7,263,6,25,true,4.9879,4.9160,1.8048,fp_mulsd_lat,延迟,4,3.4085,16.6167
P,7,263,6,25,true,4.9879,4.9160,1.8048,fp_mulsd_tp,吞吐,8,0.8456,4.2191
P,7,263,6,25,true,4.9879,4.9160,1.8048,fp_addsd_tp,吞吐,8,0.8019,3.8811
P,7,263,6,25,true,4.9879,4.9160,1.8048,fp_fma_lat,延迟,4,3.3990,16.6475
P,7,263,6,25,true,4.9879,4.9160,1.8048,fp_fma_tp,吞吐,8,0.8286,4.0568
P,7,263,6,25,true,4.9879,4.9160,1.8048,avx2_paddd_lat,延迟,4,0.8297,4.0070
P,7,263,6,25,true,4.9879,4.9160,1.8048,avx2_paddd_tp,吞吐,8,0.5353,2.6242
P,7,263,6,25,true,4.9879,4.9160,1.8048,avx2_pmulld_lat,延迟,4,8.4532,42.1606
P,7,263,6,25,true,4.9879,4.9160,1.8048,avx2_pmulld_tp,吞吐,8,2.4375,11.9243
P,7,263,6,25,true,4.9879,4.9160,1.8048,avx2_fma_lat,延迟,4,4.1063,19.6594
P,7,263,6,25,true,4.9879,4.9160,1.8048,avx2_fma_tp,吞吐,8,0.9827,4.9012
P,7,263,6,25,true,4.9879,4.9160,1.8048,avx2_int8_recipe_tp,吞吐,24,1.7563,8.7601
P,7,263,6,25,true,4.9879,4.9160,1.8048,vnni_dpbusd_lat,延迟,4,4.2264,20.2997
P,7,263,6,25,true,4.9879,4.9160,1.8048,vnni_dpbusd_tp,吞吐,8,1.0415,5.1417
P,8,264,8,32,true,4.6941,4.7064,1.8048,int_add_lat,延迟,4,0.8597,4.1060
P,8,264,8,32,true,4.6941,4.7064,1.8048,int_add_tp,吞吐,8,0.4023,1.9158
P,8,264,8,32,true,4.6941,4.7064,1.8048,int_imul_lat,延迟,4,2.5715,12.3092
P,8,264,8,32,true,4.6941,4.7064,1.8048,int_imul_tp,吞吐,8,1.7147,8.1886
P,8,264,8,32,true,4.6941,4.7064,1.8048,fp_addsd_lat,延迟,4,1.6964,8.1010
P,8,264,8,32,true,4.6941,4.7064,1.8048,fp_mulsd_lat,延迟,4,3.4476,13.0659
P,8,264,8,32,true,4.6941,4.7064,1.8048,fp_mulsd_tp,吞吐,8,0.8562,4.0891
P,8,264,8,32,true,4.6941,4.7064,1.8048,fp_addsd_tp,吞吐,8,0.8565,4.0221
P,8,264,8,32,true,4.6941,4.7064,1.8048,fp_fma_lat,延迟,4,3.3854,16.1286
P,8,264,8,32,true,4.6941,4.7064,1.8048,fp_fma_tp,吞吐,8,0.8519,4.0449
P,8,264,8,32,true,4.6941,4.7064,1.8048,avx2_paddd_lat,延迟,4,0.8551,4.0325
P,8,264,8,32,true,4.6941,4.7064,1.8048,avx2_paddd_tp,吞吐,8,0.5595,2.6722
P,8,264,8,32,true,4.6941,4.7064,1.8048,avx2_pmulld_lat,延迟,4,8.5703,40.9279
P,8,264,8,32,true,4.6941,4.7064,1.8048,avx2_pmulld_tp,吞吐,8,2.4788,11.8072
P,8,264,8,32,true,4.6941,4.7064,1.8048,avx2_fma_lat,延迟,4,4.1415,19.6886
P,8,264,8,32,true,4.6941,4.7064,1.8048,avx2_fma_tp,吞吐,8,0.9960,4.7445
P,8,264,8,32,true,4.6941,4.7064,1.8048,avx2_int8_recipe_tp,吞吐,24,1.8751,8.8737
P,8,264,8,32,true,4.6941,4.7064,1.8048,vnni_dpbusd_lat,延迟,4,4.2271,19.9861
P,8,264,8,32,true,4.6941,4.7064,1.8048,vnni_dpbusd_tp,吞吐,8,1.0776,5.1315
P,9,265,8,33,true,4.7064,4.7428,1.8048,int_add_lat,延迟,4,0.8635,4.0553
P,9,265,8,33,true,4.7064,4.7428,1.8048,int_add_tp,吞吐,8,0.4143,1.9578
P,9,265,8,33,true,4.7064,4.7428,1.8048,int_imul_lat,延迟,4,2.6705,12.3513
P,9,265,8,33,true,4.7064,4.7428,1.8048,int_imul_tp,吞吐,8,1.7651,8.2295
P,9,265,8,33,true,4.7064,4.7428,1.8048,fp_addsd_lat,延迟,4,1.7144,8.2066
P,9,265,8,33,true,4.7064,4.7428,1.8048,fp_mulsd_lat,延迟,4,3.4875,16.6131
P,9,265,8,33,true,4.7064,4.7428,1.8048,fp_mulsd_tp,吞吐,8,0.8673,4.1390
P,9,265,8,33,true,4.7064,4.7428,1.8048,fp_addsd_tp,吞吐,8,0.8541,4.0895
P,9,265,8,33,true,4.7064,4.7428,1.8048,fp_fma_lat,延迟,4,3.3763,15.6948
P,9,265,8,33,true,4.7064,4.7428,1.8048,fp_fma_tp,吞吐,8,0.8671,4.1513
P,9,265,8,33,true,4.7064,4.7428,1.8048,avx2_paddd_lat,延迟,4,0.8511,4.0531
P,9,265,8,33,true,4.7064,4.7428,1.8048,avx2_paddd_tp,吞吐,8,0.5569,2.6666
P,9,265,8,33,true,4.7064,4.7428,1.8048,avx2_pmulld_lat,延迟,4,8.6193,41.2678
P,9,265,8,33,true,4.7064,4.7428,1.8048,avx2_pmulld_tp,吞吐,8,2.4938,11.9398
P,9,265,8,33,true,4.7064,4.7428,1.8048,avx2_fma_lat,延迟,4,4.1695,19.9603
P,9,265,8,33,true,4.7064,4.7428,1.8048,avx2_fma_tp,吞吐,8,1.0340,4.8390
P,9,265,8,33,true,4.7064,4.7428,1.8048,avx2_int8_recipe_tp,吞吐,24,1.9106,9.1458
P,9,265,8,33,true,4.7064,4.7428,1.8048,vnni_dpbusd_lat,延迟,4,4.2024,20.1182
P,9,265,8,33,true,4.7064,4.7428,1.8048,vnni_dpbusd_tp,吞吐,8,1.1068,5.1906
P,10,266,10,40,true,4.7566,4.7490,1.8048,int_add_lat,延迟,4,0.8415,3.9972
P,10,266,10,40,true,4.7566,4.7490,1.8048,int_add_tp,吞吐,8,0.4077,1.9519
P,10,266,10,40,true,4.7566,4.7490,1.8048,int_imul_lat,延迟,4,2.5267,12.0697
P,10,266,10,40,true,4.7566,4.7490,1.8048,int_imul_tp,吞吐,8,1.7253,8.2606
P,10,266,10,40,true,4.7566,4.7490,1.8048,fp_addsd_lat,延迟,4,1.6758,8.0235
P,10,266,10,40,true,4.7566,4.7490,1.8048,fp_mulsd_lat,延迟,4,3.4604,16.3349
P,10,266,10,40,true,4.7566,4.7490,1.8048,fp_mulsd_tp,吞吐,8,0.8510,4.0551
P,10,266,10,40,true,4.7566,4.7490,1.8048,fp_addsd_tp,吞吐,8,0.8466,3.9723
P,10,266,10,40,true,4.7566,4.7490,1.8048,fp_fma_lat,延迟,4,3.4823,16.6321
P,10,266,10,40,true,4.7566,4.7490,1.8048,fp_fma_tp,吞吐,8,0.8381,3.9845
P,10,266,10,40,true,4.7566,4.7490,1.8048,avx2_paddd_lat,延迟,4,0.8443,4.0318
P,10,266,10,40,true,4.7566,4.7490,1.8048,avx2_paddd_tp,吞吐,8,0.5667,2.6993
P,10,266,10,40,true,4.7566,4.7490,1.8048,avx2_pmulld_lat,延迟,4,8.5980,40.9404
P,10,266,10,40,true,4.7566,4.7490,1.8048,avx2_pmulld_tp,吞吐,8,2.4811,11.8790
P,10,266,10,40,true,4.7566,4.7490,1.8048,avx2_fma_lat,延迟,4,4.1260,19.6710
P,10,266,10,40,true,4.7566,4.7490,1.8048,avx2_fma_tp,吞吐,8,1.0339,4.8104
P,10,266,10,40,true,4.7566,4.7490,1.8048,avx2_int8_recipe_tp,吞吐,24,1.8848,8.9984
P,10,266,10,40,true,4.7566,4.7490,1.8048,vnni_dpbusd_lat,延迟,4,4.2825,19.9837
P,10,266,10,40,true,4.7566,4.7490,1.8048,vnni_dpbusd_tp,吞吐,8,1.0803,5.0598
P,11,267,10,41,true,4.7165,4.7129,1.8048,int_add_lat,延迟,4,0.8527,4.0828
P,11,267,10,41,true,4.7165,4.7129,1.8048,int_add_tp,吞吐,8,0.4021,1.9106
P,11,267,10,41,true,4.7165,4.7129,1.8048,int_imul_lat,延迟,4,2.5705,12.2465
P,11,267,10,41,true,4.7165,4.7129,1.8048,int_imul_tp,吞吐,8,1.6845,7.9759
P,11,267,10,41,true,4.7165,4.7129,1.8048,fp_addsd_lat,延迟,4,1.6805,8.0455
P,11,267,10,41,true,4.7165,4.7129,1.8048,fp_mulsd_lat,延迟,4,3.4307,16.2979
P,11,267,10,41,true,4.7165,4.7129,1.8048,fp_mulsd_tp,吞吐,8,0.8475,4.0364
P,11,267,10,41,true,4.7165,4.7129,1.8048,fp_addsd_tp,吞吐,8,0.8558,4.0956
P,11,267,10,41,true,4.7165,4.7129,1.8048,fp_fma_lat,延迟,4,3.4478,12.8585
P,11,267,10,41,true,4.7165,4.7129,1.8048,fp_fma_tp,吞吐,8,0.8586,4.1036
P,11,267,10,41,true,4.7165,4.7129,1.8048,avx2_paddd_lat,延迟,4,0.8403,4.0231
P,11,267,10,41,true,4.7165,4.7129,1.8048,avx2_paddd_tp,吞吐,8,0.5603,2.6706
P,11,267,10,41,true,4.7165,4.7129,1.8048,avx2_pmulld_lat,延迟,4,8.5990,41.1608
P,11,267,10,41,true,4.7165,4.7129,1.8048,avx2_pmulld_tp,吞吐,8,2.4810,11.8488
P,11,267,10,41,true,4.7165,4.7129,1.8048,avx2_fma_lat,延迟,4,4.1405,19.6813
P,11,267,10,41,true,4.7165,4.7129,1.8048,avx2_fma_tp,吞吐,8,1.0242,4.8537
P,11,267,10,41,true,4.7165,4.7129,1.8048,avx2_int8_recipe_tp,吞吐,24,1.8802,8.9548
P,11,267,10,41,true,4.7165,4.7129,1.8048,vnni_dpbusd_lat,延迟,4,4.2989,20.4858
P,11,267,10,41,true,4.7165,4.7129,1.8048,vnni_dpbusd_tp,吞吐,8,1.0548,5.0369
E,12,268,12,48,true,3.7891,3.7844,1.8048,int_add_lat,延迟,4,1.0555,3.9990
E,12,268,12,48,true,3.7891,3.7844,1.8048,int_add_tp,吞吐,8,0.5974,2.2638
E,12,268,12,48,true,3.7891,3.7844,1.8048,int_imul_lat,延迟,4,5.2914,20.0506
E,12,268,12,48,true,3.7891,3.7844,1.8048,int_imul_tp,吞吐,8,1.3827,5.2397
E,12,268,12,48,true,3.7891,3.7844,1.8048,fp_addsd_lat,延迟,4,3.1669,11.9998
E,12,268,12,48,true,3.7891,3.7844,1.8048,fp_mulsd_lat,延迟,4,4.2234,16.0038
E,12,268,12,48,true,3.7891,3.7844,1.8048,fp_mulsd_tp,吞吐,8,1.0557,3.9995
E,12,268,12,48,true,3.7891,3.7844,1.8048,fp_addsd_tp,吞吐,8,1.0597,3.9963
E,12,268,12,48,true,3.7891,3.7844,1.8048,fp_fma_lat,延迟,4,6.3429,24.0373
E,12,268,12,48,true,3.7891,3.7844,1.8048,fp_fma_tp,吞吐,8,1.7150,6.4930
E,12,268,12,48,true,3.7891,3.7844,1.8048,avx2_paddd_lat,延迟,4,1.1652,4.3981
E,12,268,12,48,true,3.7891,3.7844,1.8048,avx2_paddd_tp,吞吐,8,1.4074,5.2919
E,12,268,12,48,true,3.7891,3.7844,1.8048,avx2_pmulld_lat,延迟,4,4.2224,15.8811
E,12,268,12,48,true,3.7891,3.7844,1.8048,avx2_pmulld_tp,吞吐,8,8.4900,32.1757
E,12,268,12,48,true,3.7891,3.7844,1.8048,avx2_fma_lat,延迟,4,6.3351,24.0059
E,12,268,12,48,true,3.7891,3.7844,1.8048,avx2_fma_tp,吞吐,8,2.1159,8.0182
E,12,268,12,48,true,3.7891,3.7844,1.8048,avx2_int8_recipe_tp,吞吐,24,8.4690,32.0949
E,12,268,12,48,true,3.7891,3.7844,1.8048,vnni_dpbusd_lat,延迟,4,4.2226,16.0025
E,12,268,12,48,true,3.7891,3.7844,1.8048,vnni_dpbusd_tp,吞吐,8,4.2289,16.0255
E,13,269,13,50,true,3.7897,3.7855,1.8048,int_add_lat,延迟,4,1.0580,4.0099
E,13,269,13,50,true,3.7897,3.7855,1.8048,int_add_tp,吞吐,8,0.5937,2.2496
E,13,269,13,50,true,3.7897,3.7855,1.8048,int_imul_lat,延迟,4,5.2883,20.0419
E,13,269,13,50,true,3.7897,3.7855,1.8048,int_imul_tp,吞吐,8,1.3913,5.2723
E,13,269,13,50,true,3.7897,3.7855,1.8048,fp_addsd_lat,延迟,4,3.1709,12.0163
E,13,269,13,50,true,3.7897,3.7855,1.8048,fp_mulsd_lat,延迟,4,4.2229,15.9090
E,13,269,13,50,true,3.7897,3.7855,1.8048,fp_mulsd_tp,吞吐,8,1.0571,4.0064
E,13,269,13,50,true,3.7897,3.7855,1.8048,fp_addsd_tp,吞吐,8,1.0557,4.0005
E,13,269,13,50,true,3.7897,3.7855,1.8048,fp_fma_lat,延迟,4,6.3466,23.7400
E,13,269,13,50,true,3.7897,3.7855,1.8048,fp_fma_tp,吞吐,8,1.7378,6.5822
E,13,269,13,50,true,3.7897,3.7855,1.8048,avx2_paddd_lat,延迟,4,1.1618,4.4009
E,13,269,13,50,true,3.7897,3.7855,1.8048,avx2_paddd_tp,吞吐,8,1.4153,5.3632
E,13,269,13,50,true,3.7897,3.7855,1.8048,avx2_pmulld_lat,延迟,4,4.2226,15.9924
E,13,269,13,50,true,3.7897,3.7855,1.8048,avx2_pmulld_tp,吞吐,8,8.5145,32.2672
E,13,269,13,50,true,3.7897,3.7855,1.8048,avx2_fma_lat,延迟,4,6.3561,24.0830
E,13,269,13,50,true,3.7897,3.7855,1.8048,avx2_fma_tp,吞吐,8,2.1112,8.0002
E,13,269,13,50,true,3.7897,3.7855,1.8048,avx2_int8_recipe_tp,吞吐,24,8.4822,32.1463
E,13,269,13,50,true,3.7897,3.7855,1.8048,vnni_dpbusd_lat,延迟,4,4.2327,16.0352
E,13,269,13,50,true,3.7897,3.7855,1.8048,vnni_dpbusd_tp,吞吐,8,4.2451,16.0875
E,14,270,14,52,true,3.7895,3.7847,1.8048,int_add_lat,延迟,4,1.0558,3.9631
E,14,270,14,52,true,3.7895,3.7847,1.8048,int_add_tp,吞吐,8,0.5937,2.2498
E,14,270,14,52,true,3.7895,3.7847,1.8048,int_imul_lat,延迟,4,5.3065,20.1089
E,14,270,14,52,true,3.7895,3.7847,1.8048,int_imul_tp,吞吐,8,1.3458,5.0861
E,14,270,14,52,true,3.7895,3.7847,1.8048,fp_addsd_lat,延迟,4,3.1833,12.0618
E,14,270,14,52,true,3.7895,3.7847,1.8048,fp_mulsd_lat,延迟,4,4.2322,16.0366
E,14,270,14,52,true,3.7895,3.7847,1.8048,fp_mulsd_tp,吞吐,8,1.0889,4.0930
E,14,270,14,52,true,3.7895,3.7847,1.8048,fp_addsd_tp,吞吐,8,1.0558,4.0009
E,14,270,14,52,true,3.7895,3.7847,1.8048,fp_fma_lat,延迟,4,6.3346,24.0027
E,14,270,14,52,true,3.7895,3.7847,1.8048,fp_fma_tp,吞吐,8,1.7388,6.5821
E,14,270,14,52,true,3.7895,3.7847,1.8048,avx2_paddd_lat,延迟,4,1.1812,4.4759
E,14,270,14,52,true,3.7895,3.7847,1.8048,avx2_paddd_tp,吞吐,8,1.4076,5.3314
E,14,270,14,52,true,3.7895,3.7847,1.8048,avx2_pmulld_lat,延迟,4,4.2226,16.0008
E,14,270,14,52,true,3.7895,3.7847,1.8048,avx2_pmulld_tp,吞吐,8,8.4868,32.1608
E,14,270,14,52,true,3.7895,3.7847,1.8048,avx2_fma_lat,延迟,4,6.3535,24.0299
E,14,270,14,52,true,3.7895,3.7847,1.8048,avx2_fma_tp,吞吐,8,2.1114,8.0020
E,14,270,14,52,true,3.7895,3.7847,1.8048,avx2_int8_recipe_tp,吞吐,24,8.5007,32.2163
E,14,270,14,52,true,3.7895,3.7847,1.8048,vnni_dpbusd_lat,延迟,4,4.2227,16.0036
E,14,270,14,52,true,3.7895,3.7847,1.8048,vnni_dpbusd_tp,吞吐,8,4.2267,16.0157
E,15,271,15,54,true,3.7886,3.7794,1.8048,int_add_lat,延迟,4,1.0582,4.0102
E,15,271,15,54,true,3.7886,3.7794,1.8048,int_add_tp,吞吐,8,0.5937,2.2493
E,15,271,15,54,true,3.7886,3.7794,1.8048,int_imul_lat,延迟,4,5.2850,20.0282
E,15,271,15,54,true,3.7886,3.7794,1.8048,int_imul_tp,吞吐,8,1.4324,5.4249
E,15,271,15,54,true,3.7886,3.7794,1.8048,fp_addsd_lat,延迟,4,3.1668,11.9983
E,15,271,15,54,true,3.7886,3.7794,1.8048,fp_mulsd_lat,延迟,4,4.2229,16.0017
E,15,271,15,54,true,3.7886,3.7794,1.8048,fp_mulsd_tp,吞吐,8,1.0687,4.0488
E,15,271,15,54,true,3.7886,3.7794,1.8048,fp_addsd_tp,吞吐,8,1.0556,3.9980
E,15,271,15,54,true,3.7886,3.7794,1.8048,fp_fma_lat,延迟,4,6.3633,24.1070
E,15,271,15,54,true,3.7886,3.7794,1.8048,fp_fma_tp,吞吐,8,1.7313,6.5614
E,15,271,15,54,true,3.7886,3.7794,1.8048,avx2_paddd_lat,延迟,4,1.1827,4.4823
E,15,271,15,54,true,3.7886,3.7794,1.8048,avx2_paddd_tp,吞吐,8,1.4177,5.3699
E,15,271,15,54,true,3.7886,3.7794,1.8048,avx2_pmulld_lat,延迟,4,4.2228,15.9992
E,15,271,15,54,true,3.7886,3.7794,1.8048,avx2_pmulld_tp,吞吐,8,8.5541,31.4968
E,15,271,15,54,true,3.7886,3.7794,1.8048,avx2_fma_lat,延迟,4,6.3405,24.0159
E,15,271,15,54,true,3.7886,3.7794,1.8048,avx2_fma_tp,吞吐,8,2.1134,7.9705
E,15,271,15,54,true,3.7886,3.7794,1.8048,avx2_int8_recipe_tp,吞吐,24,8.4991,31.7472
E,15,271,15,54,true,3.7886,3.7794,1.8048,vnni_dpbusd_lat,延迟,4,4.2229,16.0021
E,15,271,15,54,true,3.7886,3.7794,1.8048,vnni_dpbusd_tp,吞吐,8,4.2350,16.0462
E,16,272,16,56,true,3.7893,3.7837,1.8048,int_add_lat,延迟,4,1.0613,3.9833
E,16,272,16,56,true,3.7893,3.7837,1.8048,int_add_tp,吞吐,8,0.5937,2.2490
E,16,272,16,56,true,3.7893,3.7837,1.8048,int_imul_lat,延迟,4,5.2783,20.0023
E,16,272,16,56,true,3.7893,3.7837,1.8048,int_imul_tp,吞吐,8,1.3769,5.2163
E,16,272,16,56,true,3.7893,3.7837,1.8048,fp_addsd_lat,延迟,4,3.1679,11.9945
E,16,272,16,56,true,3.7893,3.7837,1.8048,fp_mulsd_lat,延迟,4,4.2228,15.9389
E,16,272,16,56,true,3.7893,3.7837,1.8048,fp_mulsd_tp,吞吐,8,1.0667,4.0422
E,16,272,16,56,true,3.7893,3.7837,1.8048,fp_addsd_tp,吞吐,8,1.0692,4.0501
E,16,272,16,56,true,3.7893,3.7837,1.8048,fp_fma_lat,延迟,4,6.3612,24.0930
E,16,272,16,56,true,3.7893,3.7837,1.8048,fp_fma_tp,吞吐,8,1.7539,6.6468
E,16,272,16,56,true,3.7893,3.7837,1.8048,avx2_paddd_lat,延迟,4,1.1619,4.4024
E,16,272,16,56,true,3.7893,3.7837,1.8048,avx2_paddd_tp,吞吐,8,1.4166,5.3658
E,16,272,16,56,true,3.7893,3.7837,1.8048,avx2_pmulld_lat,延迟,4,4.2243,16.0042
E,16,272,16,56,true,3.7893,3.7837,1.8048,avx2_pmulld_tp,吞吐,8,8.5016,32.2215
E,16,272,16,56,true,3.7893,3.7837,1.8048,avx2_fma_lat,延迟,4,6.3338,23.7108
E,16,272,16,56,true,3.7893,3.7837,1.8048,avx2_fma_tp,吞吐,8,2.1113,7.9998
E,16,272,16,56,true,3.7893,3.7837,1.8048,avx2_int8_recipe_tp,吞吐,24,8.4835,32.1482
E,16,272,16,56,true,3.7893,3.7837,1.8048,vnni_dpbusd_lat,延迟,4,4.2283,16.0222
E,16,272,16,56,true,3.7893,3.7837,1.8048,vnni_dpbusd_tp,吞吐,8,4.2348,16.0468
E,17,273,17,58,true,3.7893,3.7822,1.8048,int_add_lat,延迟,4,1.0557,3.9994
E,17,273,17,58,true,3.7893,3.7822,1.8048,int_add_tp,吞吐,8,0.5988,2.2692
E,17,273,17,58,true,3.7893,3.7822,1.8048,int_imul_lat,延迟,4,5.2908,20.0341
E,17,273,17,58,true,3.7893,3.7822,1.8048,int_imul_tp,吞吐,8,1.3596,5.0749
E,17,273,17,58,true,3.7893,3.7822,1.8048,fp_addsd_lat,延迟,4,3.1690,12.0064
E,17,273,17,58,true,3.7893,3.7822,1.8048,fp_mulsd_lat,延迟,4,4.2223,15.9998
E,17,273,17,58,true,3.7893,3.7822,1.8048,fp_mulsd_tp,吞吐,8,1.0557,4.0011
E,17,273,17,58,true,3.7893,3.7822,1.8048,fp_addsd_tp,吞吐,8,1.0556,4.0006
E,17,273,17,58,true,3.7893,3.7822,1.8048,fp_fma_lat,延迟,4,6.3341,24.0051
E,17,273,17,58,true,3.7893,3.7822,1.8048,fp_fma_tp,吞吐,8,1.7275,6.5459
E,17,273,17,58,true,3.7893,3.7822,1.8048,avx2_paddd_lat,延迟,4,1.1419,4.3274
E,17,273,17,58,true,3.7893,3.7822,1.8048,avx2_paddd_tp,吞吐,8,1.4075,5.3339
E,17,273,17,58,true,3.7893,3.7822,1.8048,avx2_pmulld_lat,延迟,4,4.2221,15.9989
E,17,273,17,58,true,3.7893,3.7822,1.8048,avx2_pmulld_tp,吞吐,8,8.4722,32.1007
E,17,273,17,58,true,3.7893,3.7822,1.8048,avx2_fma_lat,延迟,4,6.3734,24.0981
E,17,273,17,58,true,3.7893,3.7822,1.8048,avx2_fma_tp,吞吐,8,2.1237,7.9046
E,17,273,17,58,true,3.7893,3.7822,1.8048,avx2_int8_recipe_tp,吞吐,24,8.4635,32.0649
E,17,273,17,58,true,3.7893,3.7822,1.8048,vnni_dpbusd_lat,延迟,4,4.2225,16.0019
E,17,273,17,58,true,3.7893,3.7822,1.8048,vnni_dpbusd_tp,吞吐,8,4.2324,16.0396
E,18,274,18,60,true,3.7867,3.7881,1.8048,int_add_lat,延迟,4,1.0556,3.9993
E,18,274,18,60,true,3.7867,3.7881,1.8048,int_add_tp,吞吐,8,0.5940,2.2508
E,18,274,18,60,true,3.7867,3.7881,1.8048,int_imul_lat,延迟,4,5.2787,20.0055
E,18,274,18,60,true,3.7867,3.7881,1.8048,int_imul_tp,吞吐,8,1.3871,5.2559
E,18,274,18,60,true,3.7867,3.7881,1.8048,fp_addsd_lat,延迟,4,3.1666,12.0004
E,18,274,18,60,true,3.7867,3.7881,1.8048,fp_mulsd_lat,延迟,4,4.2225,15.9972
E,18,274,18,60,true,3.7867,3.7881,1.8048,fp_mulsd_tp,吞吐,8,1.0556,4.0001
E,18,274,18,60,true,3.7867,3.7881,1.8048,fp_addsd_tp,吞吐,8,1.0557,4.0004
E,18,274,18,60,true,3.7867,3.7881,1.8048,fp_fma_lat,延迟,4,6.3718,24.1390
E,18,274,18,60,true,3.7867,3.7881,1.8048,fp_fma_tp,吞吐,8,1.7362,6.5797
E,18,274,18,60,true,3.7867,3.7881,1.8048,avx2_paddd_lat,延迟,4,1.1614,4.4005
E,18,274,18,60,true,3.7867,3.7881,1.8048,avx2_paddd_tp,吞吐,8,1.4086,5.3372
E,18,274,18,60,true,3.7867,3.7881,1.8048,avx2_pmulld_lat,延迟,4,4.2222,16.0030
E,18,274,18,60,true,3.7867,3.7881,1.8048,avx2_pmulld_tp,吞吐,8,8.4610,32.0628
E,18,274,18,60,true,3.7867,3.7881,1.8048,avx2_fma_lat,延迟,4,6.3540,23.9422
E,18,274,18,60,true,3.7867,3.7881,1.8048,avx2_fma_tp,吞吐,8,2.1111,8.0003
E,18,274,18,60,true,3.7867,3.7881,1.8048,avx2_int8_recipe_tp,吞吐,24,8.4833,32.1503
E,18,274,18,60,true,3.7867,3.7881,1.8048,vnni_dpbusd_lat,延迟,4,4.2229,15.9994
E,18,274,18,60,true,3.7867,3.7881,1.8048,vnni_dpbusd_tp,吞吐,8,4.2516,16.1053
E,19,275,19,62,true,3.7889,3.7852,1.8048,int_add_lat,延迟,4,1.0556,3.9973
E,19,275,19,62,true,3.7889,3.7852,1.8048,int_add_tp,吞吐,8,0.5937,2.2259
E,19,275,19,62,true,3.7889,3.7852,1.8048,int_imul_lat,延迟,4,5.2790,20.0008
E,19,275,19,62,true,3.7889,3.7852,1.8048,int_imul_tp,吞吐,8,1.3600,5.1531
E,19,275,19,62,true,3.7889,3.7852,1.8048,fp_addsd_lat,延迟,4,3.1843,12.0608
E,19,275,19,62,true,3.7889,3.7852,1.8048,fp_mulsd_lat,延迟,4,4.2223,15.9975
E,19,275,19,62,true,3.7889,3.7852,1.8048,fp_mulsd_tp,吞吐,8,1.0695,4.0518
E,19,275,19,62,true,3.7889,3.7852,1.8048,fp_addsd_tp,吞吐,8,1.0556,3.9977
E,19,275,19,62,true,3.7889,3.7852,1.8048,fp_fma_lat,延迟,4,6.3342,23.9989
E,19,275,19,62,true,3.7889,3.7852,1.8048,fp_fma_tp,吞吐,8,1.7352,6.5754
E,19,275,19,62,true,3.7889,3.7852,1.8048,avx2_paddd_lat,延迟,4,1.1583,4.3898
E,19,275,19,62,true,3.7889,3.7852,1.8048,avx2_paddd_tp,吞吐,8,1.4075,5.3309
E,19,275,19,62,true,3.7889,3.7852,1.8048,avx2_pmulld_lat,延迟,4,4.2222,16.0008
E,19,275,19,62,true,3.7889,3.7852,1.8048,avx2_pmulld_tp,吞吐,8,8.4806,31.9270
E,19,275,19,62,true,3.7889,3.7852,1.8048,avx2_fma_lat,延迟,4,6.3343,24.0006
E,19,275,19,62,true,3.7889,3.7852,1.8048,avx2_fma_tp,吞吐,8,2.1149,8.0146
E,19,275,19,62,true,3.7889,3.7852,1.8048,avx2_int8_recipe_tp,吞吐,24,8.4835,32.1437
E,19,275,19,62,true,3.7889,3.7852,1.8048,vnni_dpbusd_lat,延迟,4,4.2237,15.9930
E,19,275,19,62,true,3.7889,3.7852,1.8048,vnni_dpbusd_tp,吞吐,8,4.2333,16.0359

class,lpi,core_index,bytes,latency_ns,bandwidth_gbs
P,0,0,1024,1.0505,202.262
P,0,0,2048,1.0499,153.078
P,0,0,4096,1.0705,220.185
P,0,0,8192,1.0609,157.206
P,0,0,16384,1.0611,232.410
P,0,0,24576,1.0636,157.826
P,0,0,32768,1.0574,225.886
P,0,0,49152,1.0492,146.551
P,0,0,65536,1.6556,150.683
P,0,0,98304,2.2462,103.694
P,0,0,131072,2.4340,149.964
P,0,0,196608,2.7247,101.090
P,0,0,262144,2.7887,151.216
P,0,0,393216,2.9002,101.780
P,0,0,524288,3.3232,146.524
P,0,0,786432,3.7470,102.211
P,0,0,1048576,3.9679,145.701
P,0,0,1572864,6.5055,77.127
P,0,0,2097152,7.9285,59.346
P,0,0,3145728,11.4542,58.680
P,0,0,4194304,11.7027,58.599
P,0,0,6291456,12.3499,57.929
P,0,0,8388608,12.9916,56.583
P,0,0,12582912,20.5487,56.880
P,0,0,16777216,56.1004,52.448
P,0,0,25165824,17.4008,43.281
P,0,0,33554432,17.3816,34.655
P,0,0,50331648,18.3784,29.432
P,0,0,67108864,18.6474,28.154
P,1,0,1024,1.0717,204.375
P,1,0,2048,1.0711,149.878
P,1,0,4096,1.0853,218.318
P,1,0,8192,1.0486,157.056
P,1,0,16384,1.0740,235.423
P,1,0,24576,1.0478,159.246
P,1,0,32768,1.0640,232.127
P,1,0,49152,1.0745,146.423
P,1,0,65536,1.6616,149.877
P,1,0,98304,2.1982,101.812
P,1,0,131072,2.4429,149.109
P,1,0,196608,2.7398,101.976
P,1,0,262144,2.8381,149.952
P,1,0,393216,2.9065,100.425
P,1,0,524288,3.3281,146.170
P,1,0,786432,3.7481,101.075
P,1,0,1048576,3.9624,151.391
P,1,0,1572864,6.4484,79.693
P,1,0,2097152,7.7769,59.813
P,1,0,3145728,10.2529,59.231
P,1,0,4194304,14.7467,56.630
P,1,0,6291456,12.3917,58.090
P,1,0,8388608,14.2145,55.445
P,1,0,12582912,18.0104,54.237
P,1,0,16777216,20.1269,55.592
P,1,0,25165824,16.9764,41.585
P,1,0,33554432,20.5999,34.636
P,1,0,50331648,18.0230,28.710
P,1,0,67108864,27.9683,27.944
P,2,2,1024,1.0670,196.554
P,2,2,2048,1.0795,150.290
P,2,2,4096,1.0963,220.756
P,2,2,8192,1.0812,155.414
P,2,2,16384,1.0463,233.241
P,2,2,24576,1.0471,157.672
P,2,2,32768,1.0445,235.629
P,2,2,49152,1.0467,146.706
P,2,2,65536,1.7140,150.461
P,2,2,98304,2.3021,102.120
P,2,2,131072,2.4338,149.661
P,2,2,196608,2.6665,101.307
P,2,2,262144,2.7906,151.276
P,2,2,393216,2.9029,102.849
P,2,2,524288,3.3289,150.922
P,2,2,786432,3.7470,100.379
P,2,2,1048576,3.9639,146.046
P,2,2,1572864,6.3812,76.753
P,2,2,2097152,7.9554,58.556
P,2,2,3145728,10.2405,58.655
P,2,2,4194304,11.0006,59.235
P,2,2,6291456,13.2338,57.628
P,2,2,8388608,14.7594,57.273
P,2,2,12582912,14.9560,60.077
P,2,2,16777216,15.6693,52.535
P,2,2,25165824,16.6173,45.077
P,2,2,33554432,17.0468,38.066
P,2,2,50331648,19.6056,30.727
P,2,2,67108864,17.6783,29.508
P,3,2,1024,1.0685,205.516
P,3,2,2048,1.0716,148.646
P,3,2,4096,1.0638,223.781
P,3,2,8192,1.0560,156.909
P,3,2,16384,1.0819,234.282
P,3,2,24576,1.0615,161.734
P,3,2,32768,1.0860,231.551
P,3,2,49152,1.0604,149.025
P,3,2,65536,1.7025,149.969
P,3,2,98304,2.1903,102.257
P,3,2,131072,2.4338,151.283
P,3,2,196608,2.7188,102.038
P,3,2,262144,2.8505,151.701
P,3,2,393216,2.9033,102.523
P,3,2,524288,3.3266,147.623
P,3,2,786432,3.7475,102.382
P,3,2,1048576,4.0933,149.673
P,3,2,1572864,6.5795,77.578
P,3,2,2097152,7.5492,58.999
P,3,2,3145728,9.8273,58.175
P,3,2,4194304,12.1933,58.595
P,3,2,6291456,13.9032,59.144
P,3,2,8388608,14.2957,58.954
P,3,2,12582912,16.2733,58.076
P,3,2,16777216,16.4424,56.419
P,3,2,25165824,21.3882,45.722
P,3,2,33554432,18.1659,37.326
P,3,2,50331648,19.3500,31.544
P,3,2,67108864,18.5183,29.417
P,4,4,1024,1.0430,203.209
P,4,4,2048,1.0243,161.575
P,4,4,4096,1.0028,237.654
P,4,4,8192,1.0383,158.744
P,4,4,16384,1.0112,237.168
P,4,4,24576,1.0157,159.185
P,4,4,32768,1.0029,241.287
P,4,4,49152,1.0252,148.477
P,4,4,65536,1.6124,149.502
P,4,4,98304,2.1173,103.340
P,4,4,131072,2.3733,154.014
P,4,4,196608,2.5947,103.335
P,4,4,262144,2.6783,158.563
P,4,4,393216,2.7883,101.825
P,4,4,524288,3.2004,153.942
P,4,4,786432,3.6026,102.400
P,4,4,1048576,7.3011,157.658
P,4,4,1572864,6.1274,77.577
P,4,4,2097152,7.3490,64.811
P,4,4,3145728,9.9314,60.760
P,4,4,4194304,11.7034,59.660
P,4,4,6291456,11.5030,60.486
P,4,4,8388608,13.9923,58.123
P,4,4,12582912,18.6101,56.326
P,4,4,16777216,18.4301,52.818
P,4,4,25165824,25.0471,49.429
P,4,4,33554432,16.2113,34.683
P,4,4,50331648,17.4400,29.442
P,4,4,67108864,21.0985,27.157
P,5,4,1024,1.0342,204.439
P,5,4,2048,1.0767,152.682
P,5,4,4096,1.0225,238.455
P,5,4,8192,1.0250,162.522
P,5,4,16384,1.0283,236.556
P,5,4,24576,1.0233,163.650
P,5,4,32768,1.0292,241.830
P,5,4,49152,1.0111,155.422
P,5,4,65536,1.5961,155.115
P,5,4,98304,2.2073,105.281
P,5,4,131072,2.4326,153.693
P,5,4,196608,2.5591,103.458
P,5,4,262144,2.6783,154.897
P,5,4,393216,2.7880,105.729
P,5,4,524288,3.1969,153.383
P,5,4,786432,5.6413,104.775
P,5,4,1048576,3.8190,149.412
P,5,4,1572864,7.5901,80.271
P,5,4,2097152,7.3458,65.172
P,5,4,3145728,13.4591,60.580
P,5,4,4194304,10.8019,60.783
P,5,4,6291456,11.7187,60.118
P,5,4,8388608,15.6584,59.440
P,5,4,12582912,12.8792,58.910
P,5,4,16777216,15.2724,52.923
P,5,4,25165824,15.7409,49.205
P,5,4,33554432,16.1389,33.696
P,5,4,50331648,17.2914,28.442
P,5,4,67108864,19.4412,27.686
P,6,6,1024,1.0439,203.477
P,6,6,2048,1.0516,153.721
P,6,6,4096,1.0234,229.073
P,6,6,8192,1.0836,166.879
P,6,6,16384,1.0024,237.853
P,6,6,24576,1.0139,163.434
P,6,6,32768,1.0024,244.683
P,6,6,49152,1.0068,153.152
P,6,6,65536,1.5841,155.995
P,6,6,98304,2.1454,105.540
P,6,6,131072,2.4035,156.019
P,6,6,196608,2.6107,105.651
P,6,6,262144,2.6782,154.861
P,6,6,393216,2.7920,103.314
P,6,6,524288,3.1959,154.593
P,6,6,786432,3.5968,106.082
P,6,6,1048576,4.2337,152.483
P,6,6,1572864,6.1248,79.854
P,6,6,2097152,7.4309,62.920
P,6,6,3145728,9.3115,61.124
P,6,6,4194304,10.3312,61.364
P,6,6,6291456,11.6264,61.295
P,6,6,8388608,12.4170,60.863
P,6,6,12582912,15.0882,58.025
P,6,6,16777216,15.3494,54.371
P,6,6,25165824,19.4013,42.449
P,6,6,33554432,18.4284,37.211
P,6,6,50331648,16.7249,30.756
P,6,6,67108864,19.7333,29.584
P,7,6,1024,1.0126,203.469
P,7,6,2048,1.0155,152.669
P,7,6,4096,1.0021,230.329
P,7,6,8192,1.0166,166.487
P,7,6,16384,1.0117,241.934
P,7,6,24576,1.0483,170.557
P,7,6,32768,1.0266,243.221
P,7,6,49152,1.0068,147.223
P,7,6,65536,1.6306,155.616
P,7,6,98304,2.1022,104.709
P,7,6,131072,2.3367,155.910
P,7,6,196608,2.5584,102.530
P,7,6,262144,2.7200,156.226
P,7,6,393216,2.7863,106.017
P,7,6,524288,3.4226,154.431
P,7,6,786432,3.8912,104.383
P,7,6,1048576,4.1821,154.837
P,7,6,1572864,6.5455,80.900
P,7,6,2097152,7.4063,62.564
P,7,6,3145728,9.0458,61.057
P,7,6,4194304,10.2068,64.269
P,7,6,6291456,11.8468,60.496
P,7,6,8388608,11.7690,60.948
P,7,6,12582912,13.3828,59.486
P,7,6,16777216,16.8129,56.012
P,7,6,25165824,15.5369,46.108
P,7,6,33554432,18.1339,39.741
P,7,6,50331648,22.9943,31.791
P,7,6,67108864,18.1793,29.238
P,8,8,1024,1.0614,201.401
P,8,8,2048,1.0536,152.235
P,8,8,4096,1.0871,219.515
P,8,8,8192,1.0808,157.868
P,8,8,16384,1.0614,234.584
P,8,8,24576,1.0817,159.866
P,8,8,32768,1.0481,239.031
P,8,8,49152,1.0666,157.185
P,8,8,65536,1.6730,149.221
P,8,8,98304,2.1953,101.735
P,8,8,131072,2.5028,149.961
P,8,8,196608,2.6760,102.224
P,8,8,262144,2.7906,152.960
P,8,8,393216,2.9082,101.503
P,8,8,524288,3.5128,151.319
P,8,8,786432,3.7485,100.680
P,8,8,1048576,4.2333,152.005
P,8,8,1572864,6.7483,78.091
P,8,8,2097152,7.6925,61.000
P,8,8,3145728,9.6477,60.125
P,8,8,4194304,11.4963,59.270
P,8,8,6291456,12.0444,59.316
P,8,8,8388608,12.3994,58.886
P,8,8,12582912,14.4013,58.229
P,8,8,16777216,15.3885,52.684
P,8,8,25165824,16.5544,42.881
P,8,8,33554432,17.2567,35.620
P,8,8,50331648,18.0860,29.303
P,8,8,67108864,19.2800,28.313
P,9,8,1024,1.0870,195.694
P,9,8,2048,1.0845,150.669
P,9,8,4096,1.0937,222.464
P,9,8,8192,1.0816,157.533
P,9,8,16384,1.0780,233.905
P,9,8,24576,1.0566,153.898
P,9,8,32768,1.0591,239.139
P,9,8,49152,1.0695,144.102
P,9,8,65536,1.6866,149.654
P,9,8,98304,2.2255,102.998
P,9,8,131072,2.4422,151.221
P,9,8,196608,2.6651,102.714
P,9,8,262144,2.7897,150.798
P,9,8,393216,2.9583,102.265
P,9,8,524288,3.5534,152.309
P,9,8,786432,3.9463,103.256
P,9,8,1048576,3.9641,151.361
P,9,8,1572864,6.1679,80.035
P,9,8,2097152,7.5829,61.800
P,9,8,3145728,9.8969,60.276
P,9,8,4194304,10.4911,60.796
P,9,8,6291456,12.6959,60.116
P,9,8,8388608,13.5319,59.850
P,9,8,12582912,13.9457,58.645
P,9,8,16777216,14.8994,54.831
P,9,8,25165824,16.9606,43.831
P,9,8,33554432,17.3581,37.359
P,9,8,50331648,18.0787,31.076
P,9,8,67108864,19.2264,28.709
P,10,10,1024,1.0570,201.289
P,10,10,2048,1.0608,150.407
P,10,10,4096,1.0480,226.889
P,10,10,8192,1.0524,160.227
P,10,10,16384,1.0481,238.997
P,10,10,24576,1.0555,161.536
P,10,10,32768,1.0519,240.554
P,10,10,49152,1.0521,150.993
P,10,10,65536,1.6585,155.939
P,10,10,98304,2.1908,102.951
P,10,10,131072,2.4520,153.025
P,10,10,196608,2.6746,103.165
P,10,10,262144,2.7890,153.571
P,10,10,393216,2.9150,103.673
P,10,10,524288,3.3282,152.607
P,10,10,786432,3.9978,103.715
P,10,10,1048576,3.9932,151.460
P,10,10,1572864,6.9123,79.155
P,10,10,2097152,7.4475,61.223
P,10,10,3145728,10.0042,60.088
P,10,10,4194304,10.6305,60.422
P,10,10,6291456,13.6056,60.293
P,10,10,8388608,13.7680,61.764
P,10,10,12582912,14.1673,59.463
P,10,10,16777216,15.1804,55.241
P,10,10,25165824,18.0899,46.244
P,10,10,33554432,18.4460,37.685
P,10,10,50331648,19.0448,31.736
P,10,10,67108864,18.0104,29.643
P,11,10,1024,1.0556,201.173
P,11,10,2048,1.0666,149.781
P,11,10,4096,1.0551,224.906
P,11,10,8192,1.0515,159.861
P,11,10,16384,1.0735,234.342
P,11,10,24576,1.0592,160.000
P,11,10,32768,1.0501,236.094
P,11,10,49152,1.0517,150.412
P,11,10,65536,1.6761,151.197
P,11,10,98304,2.2445,105.440
P,11,10,131072,2.4418,152.105
P,11,10,196608,2.6728,102.814
P,11,10,262144,2.7898,153.044
P,11,10,393216,2.9150,102.531
P,11,10,524288,3.3297,150.606
P,11,10,786432,3.7479,100.093
P,11,10,1048576,3.9636,150.071
P,11,10,1572864,6.3385,78.490
P,11,10,2097152,7.5983,60.606
P,11,10,3145728,9.6447,58.837
P,11,10,4194304,10.5990,59.707
P,11,10,6291456,11.4784,58.897
P,11,10,8388608,12.8279,58.700
P,11,10,12582912,14.5856,57.635
P,11,10,16777216,14.7404,53.366
P,11,10,25165824,16.1773,44.143
P,11,10,33554432,17.1827,37.590
P,11,10,50331648,17.8991,30.789
P,11,10,67108864,19.1471,29.825
E,12,12,1024,1.0556,114.303
E,12,12,2048,1.0557,117.643
E,12,12,4096,1.0554,119.830
E,12,12,8192,1.0554,120.098
E,12,12,16384,1.0561,120.413
E,12,12,24576,1.0559,117.962
E,12,12,32768,1.0569,115.760
E,12,12,49152,2.7603,96.234
E,12,12,65536,3.4873,115.777
E,12,12,98304,4.2287,97.834
E,12,12,131072,4.5458,117.685
E,12,12,196608,4.9189,95.359
E,12,12,262144,5.6428,113.639
E,12,12,393216,6.3768,96.461
E,12,12,524288,6.7783,114.004
E,12,12,786432,7.1543,97.485
E,12,12,1048576,7.3414,114.012
E,12,12,1572864,7.5304,111.071
E,12,12,2097152,7.7297,80.418
E,12,12,3145728,9.5455,44.134
E,12,12,4194304,11.8638,39.597
E,12,12,6291456,12.4041,40.118
E,12,12,8388608,15.5623,39.491
E,12,12,12582912,18.2959,37.470
E,12,12,16777216,18.3214,26.382
E,12,12,25165824,22.1455,14.765
E,12,12,33554432,25.3932,11.633
E,12,12,50331648,24.7880,11.244
E,12,12,67108864,26.3000,10.943
E,13,13,1024,1.0603,115.594
E,13,13,2048,1.0558,117.695
E,13,13,4096,1.0555,117.784
E,13,13,8192,1.0563,120.085
E,13,13,16384,1.0556,120.871
E,13,13,24576,1.0573,118.205
E,13,13,32768,1.0568,115.112
E,13,13,49152,2.7553,95.512
E,13,13,65536,3.5238,116.046
E,13,13,98304,4.2289,96.956
E,13,13,131072,4.5426,116.089
E,13,13,196608,4.9189,96.358
E,13,13,262144,5.6430,111.136
E,13,13,393216,6.3753,96.109
E,13,13,524288,6.7768,114.605
E,13,13,786432,7.1558,96.787
E,13,13,1048576,7.3415,113.940
E,13,13,1572864,7.5294,112.750
E,13,13,2097152,7.7264,80.892
E,13,13,3145728,9.9055,44.304
E,13,13,4194304,11.7828,40.592
E,13,13,6291456,13.0227,39.707
E,13,13,8388608,14.7766,40.309
E,13,13,12582912,18.4869,38.011
E,13,13,16777216,19.8347,26.937
E,13,13,25165824,21.8776,14.812
E,13,13,33554432,23.9968,11.568
E,13,13,50331648,25.0310,11.467
E,13,13,67108864,27.4935,10.966
E,14,14,1024,1.0556,115.818
E,14,14,2048,1.0584,118.469
E,14,14,4096,1.0560,118.706
E,14,14,8192,1.0553,119.932
E,14,14,16384,1.0556,120.712
E,14,14,24576,1.0559,118.481
E,14,14,32768,1.0552,115.034
E,14,14,49152,2.7527,95.200
E,14,14,65536,3.4873,116.940
E,14,14,98304,4.2304,98.118
E,14,14,131072,4.5455,118.423
E,14,14,196608,4.9174,96.463
E,14,14,262144,5.6434,113.125
E,14,14,393216,6.3766,96.683
E,14,14,524288,6.7782,114.312
E,14,14,786432,7.1537,97.254
E,14,14,1048576,7.3417,114.922
E,14,14,1572864,7.5365,112.911
E,14,14,2097152,7.7406,81.417
E,14,14,3145728,10.4355,44.441
E,14,14,4194304,10.4569,40.488
E,14,14,6291456,13.3170,40.492
E,14,14,8388608,13.9751,40.021
E,14,14,12582912,18.1086,38.719
E,14,14,16777216,18.5827,26.812
E,14,14,25165824,21.2792,15.148
E,14,14,33554432,24.5116,12.128
E,14,14,50331648,25.3803,11.134
E,14,14,67108864,26.5357,11.049
E,15,15,1024,1.0570,115.824
E,15,15,2048,1.0557,118.438
E,15,15,4096,1.0554,118.917
E,15,15,8192,1.0554,120.328
E,15,15,16384,1.0560,120.901
E,15,15,24576,1.0559,116.868
E,15,15,32768,1.0553,115.081
E,15,15,49152,2.7517,96.394
E,15,15,65536,3.4882,116.742
E,15,15,98304,4.2256,97.500
E,15,15,131072,4.5422,118.271
E,15,15,196608,4.9190,96.565
E,15,15,262144,5.6428,113.496
E,15,15,393216,6.3781,97.176
E,15,15,524288,6.7778,113.844
E,15,15,786432,7.1548,96.964
E,15,15,1048576,7.3411,115.053
E,15,15,1572864,7.5328,112.415
E,15,15,2097152,7.7480,81.384
E,15,15,3145728,10.1231,44.376
E,15,15,4194304,11.4075,40.681
E,15,15,6291456,13.7789,40.299
E,15,15,8388608,14.5620,40.150
E,15,15,12582912,18.3225,38.723
E,15,15,16777216,18.6441,27.123
E,15,15,25165824,19.2337,14.989
E,15,15,33554432,24.0584,11.576
E,15,15,50331648,25.0612,11.244
E,15,15,67108864,26.9674,10.478
E,16,16,1024,1.0556,114.746
E,16,16,2048,1.0556,118.334
E,16,16,4096,1.0557,119.540
E,16,16,8192,1.0562,120.542
E,16,16,16384,1.0564,120.390
E,16,16,24576,1.0559,117.885
E,16,16,32768,1.0568,115.312
E,16,16,49152,2.7521,97.043
E,16,16,65536,3.4862,117.427
E,16,16,98304,4.2279,98.157
E,16,16,131072,4.5427,118.666
E,16,16,196608,4.9183,95.770
E,16,16,262144,5.6473,113.678
E,16,16,393216,6.3772,96.873
E,16,16,524288,6.7779,114.456
E,16,16,786432,7.1552,96.105
E,16,16,1048576,7.3421,114.778
E,16,16,1572864,7.5308,115.003
E,16,16,2097152,7.7079,82.327
E,16,16,3145728,9.6669,43.648
E,16,16,4194304,11.9315,40.423
E,16,16,6291456,13.7420,40.540
E,16,16,8388608,15.0300,39.969
E,16,16,12582912,18.2643,37.644
E,16,16,16777216,18.3672,24.769
E,16,16,25165824,20.9055,16.325
E,16,16,33554432,21.5288,12.060
E,16,16,50331648,25.8479,11.748
E,16,16,67108864,24.8221,11.054
E,17,17,1024,1.0554,115.826
E,17,17,2048,1.0554,118.485
E,17,17,4096,1.0559,118.795
E,17,17,8192,1.0554,120.553
E,17,17,16384,1.0564,120.911
E,17,17,24576,1.0568,117.380
E,17,17,32768,1.0552,116.059
E,17,17,49152,2.7589,95.830
E,17,17,65536,3.4903,117.287
E,17,17,98304,4.2284,96.844
E,17,17,131072,4.5479,118.098
E,17,17,196608,4.9189,96.514
E,17,17,262144,5.6450,112.160
E,17,17,393216,6.3760,97.027
E,17,17,524288,6.7796,113.357
E,17,17,786432,7.1555,96.853
E,17,17,1048576,7.3415,115.028
E,17,17,1572864,7.5319,114.670
E,17,17,2097152,7.7450,81.785
E,17,17,3145728,10.1624,44.108
E,17,17,4194304,10.2251,40.378
E,17,17,6291456,13.6894,40.251
E,17,17,8388608,15.0327,39.655
E,17,17,12582912,18.1186,37.652
E,17,17,16777216,19.2028,28.777
E,17,17,25165824,23.8375,14.227
E,17,17,33554432,23.3557,11.458
E,17,17,50331648,25.6628,11.293
E,17,17,67108864,25.8082,10.994
E,18,18,1024,1.0564,115.814
E,18,18,2048,1.0555,118.478
E,18,18,4096,1.0559,119.845
E,18,18,8192,1.0583,120.553
E,18,18,16384,1.0555,119.937
E,18,18,24576,1.0551,117.251
E,18,18,32768,1.0581,115.460
E,18,18,49152,2.7546,97.478
E,18,18,65536,3.4869,116.060
E,18,18,98304,4.2290,98.072
E,18,18,131072,4.5466,117.590
E,18,18,196608,4.9188,95.539
E,18,18,262144,5.6435,114.479
E,18,18,393216,6.7901,96.841
E,18,18,524288,6.7776,114.546
E,18,18,786432,7.1524,97.483
E,18,18,1048576,7.3422,114.950
E,18,18,1572864,7.8183,114.977
E,18,18,2097152,7.7899,82.302
E,18,18,3145728,10.4845,44.334
E,18,18,4194304,11.8622,40.667
E,18,18,6291456,13.5034,40.038
E,18,18,8388608,14.9361,39.969
E,18,18,12582912,17.7597,39.035
E,18,18,16777216,18.6973,25.942
E,18,18,25165824,21.7319,14.418
E,18,18,33554432,23.2955,12.385
E,18,18,50331648,25.9172,11.243
E,18,18,67108864,26.7886,10.769
E,19,19,1024,1.0580,113.652
E,19,19,2048,1.0557,118.465
E,19,19,4096,1.0559,119.848
E,19,19,8192,1.0559,120.496
E,19,19,16384,1.0564,119.955
E,19,19,24576,1.0560,117.925
E,19,19,32768,1.0581,115.470
E,19,19,49152,2.7651,95.627
E,19,19,65536,3.4860,114.676
E,19,19,98304,4.2254,97.308
E,19,19,131072,4.5426,118.421
E,19,19,196608,4.9191,96.184
E,19,19,262144,5.6456,114.473
E,19,19,393216,6.3746,97.051
E,19,19,524288,6.7781,114.611
E,19,19,786432,7.1555,98.173
E,19,19,1048576,7.3411,113.387
E,19,19,1572864,7.5317,114.145
E,19,19,2097152,7.7207,82.722
E,19,19,3145728,9.9778,43.339
E,19,19,4194304,11.5923,40.159
E,19,19,6291456,13.9283,40.307
E,19,19,8388608,13.8363,39.868
E,19,19,12582912,17.6131,38.041
E,19,19,16777216,18.8487,26.901
E,19,19,25165824,22.3075,14.979
E,19,19,33554432,23.3355,12.941
E,19,19,50331648,25.4231,11.569
E,19,19,67108864,25.8560,10.946
